<?xml version="1.0" encoding="UTF-8"?>
<gmd:MD_Metadata xmlns:gmd="http://www.isotc211.org/2005/gmd"
                 xmlns:gsr="http://www.isotc211.org/2005/gsr"
                 xmlns:xlink="http://www.w3.org/1999/xlink"
                 xmlns:gss="http://www.isotc211.org/2005/gss"
                 xmlns:gts="http://www.isotc211.org/2005/gts"
                 xmlns:gml="http://www.opengis.net/gml/3.2"
                 xmlns:gmx="http://www.isotc211.org/2005/gmx"
                 xmlns:gco="http://www.isotc211.org/2005/gco"
                 xmlns:xsi="http://www.w3.org/2001/XMLSchema-instance"
                 xmlns:geonet="http://www.fao.org/geonetwork"
                 xsi:schemaLocation="http://www.isotc211.org/2005/gmx http://eden.ign.fr/xsd/isotc211/isofull/20090316/gmx/gmx.xsd">
  <gmd:fileIdentifier xmlns:srv="http://www.isotc211.org/2005/srv" xmlns:gml="http://www.opengis.net/gml">
      <gco:CharacterString>2376950d-4b6c-431c-89f5-9b62f70a367d</gco:CharacterString>
  </gmd:fileIdentifier>
  <gmd:language>
      <gmd:LanguageCode codeList="http://www.loc.gov/standards/iso639-2/php/code_list.php"
                        codeListValue="eng">eng</gmd:LanguageCode>
  </gmd:language>
  <gmd:hierarchyLevel>
      <gmd:MD_ScopeCode codeList="http://standards.iso.org/ittf/PubliclyAvailableStandards/ISO_19139_Schemas/resources/Codelist/gmxCodelists.xml#MD_ScopeCode"
                        codeListValue="dataset">dataset</gmd:MD_ScopeCode>
  </gmd:hierarchyLevel>
  <gmd:contact>
      <gmd:CI_ResponsibleParty>
         <gmd:organisationName>
            <gco:CharacterString>Office for National Statistics</gco:CharacterString>
         </gmd:organisationName>
         <gmd:positionName>
            <gco:CharacterString>ONS Geography Customer Services</gco:CharacterString>
         </gmd:positionName>
         <gmd:contactInfo>
            <gmd:CI_Contact>
               <gmd:phone>
                  <gmd:CI_Telephone>
                     <gmd:voice>
                        <gco:CharacterString>+44 (0)1329 444971</gco:CharacterString>
                     </gmd:voice>
                  </gmd:CI_Telephone>
               </gmd:phone>
               <gmd:address>
                  <gmd:CI_Address>
                     <gmd:deliveryPoint>
                        <gco:CharacterString>Segensworth Road, Titchfield</gco:CharacterString>
                     </gmd:deliveryPoint>
                     <gmd:city>
                        <gco:CharacterString>Fareham</gco:CharacterString>
                     </gmd:city>
                     <gmd:administrativeArea>
                        <gco:CharacterString>Hampshire</gco:CharacterString>
                     </gmd:administrativeArea>
                     <gmd:postalCode>
                        <gco:CharacterString>PO15 5RR</gco:CharacterString>
                     </gmd:postalCode>
                     <gmd:country>
                        <gco:CharacterString>United Kingdom</gco:CharacterString>
                     </gmd:country>
                     <gmd:electronicMailAddress>
                        <gco:CharacterString>ons.geography@ons.gsi.gov.uk</gco:CharacterString>
                     </gmd:electronicMailAddress>
                  </gmd:CI_Address>
               </gmd:address>
               <gmd:onlineResource>
                  <gmd:CI_OnlineResource>
                     <gmd:linkage>
                        <gmd:URL>http://www.ons.gov.uk/ons/guide-method/geography/contact-ons-geography/index.html</gmd:URL>
                     </gmd:linkage>
                     <gmd:protocol gco:nilReason="missing">
                        <gco:CharacterString/>
                     </gmd:protocol>
                     <gmd:name>
                        <gco:CharacterString>Contact ONS Geography Customer Services</gco:CharacterString>
                     </gmd:name>
                     <gmd:function>
                        <gmd:CI_OnLineFunctionCode codeList="http://standards.iso.org/ittf/PubliclyAvailableStandards/ISO_19139_Schemas/resources/Codelist/gmxCodelists.xml#CI_OnLineFunctionCode"
                                                   codeListValue="information">information</gmd:CI_OnLineFunctionCode>
                     </gmd:function>
                  </gmd:CI_OnlineResource>
               </gmd:onlineResource>
            </gmd:CI_Contact>
         </gmd:contactInfo>
         <gmd:role>
            <gmd:CI_RoleCode codeList="http://standards.iso.org/ittf/PubliclyAvailableStandards/ISO_19139_Schemas/resources/Codelist/gmxCodelists.xml#CI_RoleCode"
                             codeListValue="pointOfContact">pointOfContact</gmd:CI_RoleCode>
         </gmd:role>
      </gmd:CI_ResponsibleParty>
  </gmd:contact>
  <gmd:dateStamp>
      <gco:DateTime xmlns:srv="http://www.isotc211.org/2005/srv" xmlns:gml="http://www.opengis.net/gml">2012-10-25T07:33:16</gco:DateTime>
  </gmd:dateStamp>
  <gmd:referenceSystemInfo>
      <gmd:MD_ReferenceSystem>
         <gmd:referenceSystemIdentifier>
            <gmd:RS_Identifier>
               <gmd:code>
                  <gco:CharacterString>OSGB 1936 / British National Grid (EPSG:27700)</gco:CharacterString>
               </gmd:code>
               <gmd:codeSpace>
                  <gco:CharacterString>EPSG</gco:CharacterString>
               </gmd:codeSpace>
               <gmd:version>
                  <gco:CharacterString>7.4</gco:CharacterString>
               </gmd:version>
            </gmd:RS_Identifier>
         </gmd:referenceSystemIdentifier>
      </gmd:MD_ReferenceSystem>
  </gmd:referenceSystemInfo>
  <gmd:identificationInfo>
      <gmd:MD_DataIdentification>
         <gmd:citation>
            <gmd:CI_Citation>
               <gmd:title>
                  <gco:CharacterString>Lower Layer Super Output Area (E+W) 2011 Population Weighted Centroids</gco:CharacterString>
               </gmd:title>
               <gmd:alternateTitle>
                  <gco:CharacterString>Lower Layer SOA (E+W) 2011 Population Weighted Centroids</gco:CharacterString>
               </gmd:alternateTitle>
               <gmd:alternateTitle>
                  <gco:CharacterString>LSOA_2011_EW_PWC</gco:CharacterString>
               </gmd:alternateTitle>
               <gmd:date>
                  <gmd:CI_Date>
                     <gmd:date>
                        <gco:Date>2011-12-31</gco:Date>
                     </gmd:date>
                     <gmd:dateType>
                        <gmd:CI_DateTypeCode codeList="http://standards.iso.org/ittf/PubliclyAvailableStandards/ISO_19139_Schemas/resources/Codelist/gmxCodelists.xml#CI_DateTypeCode"
                                             codeListValue="publication">publication</gmd:CI_DateTypeCode>
                     </gmd:dateType>
                  </gmd:CI_Date>
               </gmd:date>
               <gmd:identifier>
                  <gmd:RS_Identifier>
                     <gmd:code>
                        <gco:CharacterString>LSOA_2011_EW_PWC</gco:CharacterString>
                     </gmd:code>
                  </gmd:RS_Identifier>
               </gmd:identifier>
            </gmd:CI_Citation>
         </gmd:citation>
         <gmd:abstract>
            <gco:CharacterString>This file contains the Population Weighted Centroids for Lower Layer Super Output Area in England and Wales as at December 2011.

The 2001 Output Areas and Super Output Areas were maintained using 2011 Census data, and are referred to as 2011 Output Areas and Super Output Areas.

The 34,753 Lower Layer SOAs in England (32,844) and Wales (1,909) were built from groups of Output Areas that were created in 2003 and maintained in 2011.  The LSOAs take into account the changes made at OA level and their boundaries are constrained to the 2011 Local Authority District boundaries.  These changes mean that where possible, the LSOAs stay within the minimum and maximum ranges.  They have a minimum of 1,000 residential population (an average of 1,600) and 400 households (an average of 650). The majority of Lower Layer SOAs have not changed since 2004, allowing time-series comparison of statistics at that level. Lower Layer SOAs are used as the building block for Middle Layer SOAs and several other geographies e.g. Cancer Networks.

Each instance of 2011 OA, LSOA and MSOA has a population weighted centroid, that reflects the spatial distribution of the 2011 Census population in each instance of those geographies, referenced to a single summary point on the ground. 
Each population weighted centroid was calculated using a median centroid algorithm, which is less influenced by outliers than a mean centroid algorithm.  The median algorithm used was the Median Center (sic) function in ArcGIS 10, run against the  coordinates and the populations of each household in each OA, LSOA and MSOA.  
Where the calculated centroid fell outside the boundary of the area being calculated, or within two metres of the area boundary, it was moved to the nearest location at least two metres inside the area boundary.   
More information about how the Median Center algorithm works can be found in the link below.
The centroids were created using Full Resolution Extent of the Realm boundaries.

Please note that this product contains both Ordnance Survey and ONS Intellectual Property Rights.</gco:CharacterString>
         </gmd:abstract>
         <gmd:pointOfContact>
            <gmd:CI_ResponsibleParty>
               <gmd:organisationName>
                  <gco:CharacterString>Office for National Statistics</gco:CharacterString>
               </gmd:organisationName>
               <gmd:positionName>
                  <gco:CharacterString>ONS Geography Customer Services</gco:CharacterString>
               </gmd:positionName>
               <gmd:contactInfo>
                  <gmd:CI_Contact>
                     <gmd:phone>
                        <gmd:CI_Telephone>
                           <gmd:voice>
                              <gco:CharacterString>+44 (0)1329 444971</gco:CharacterString>
                           </gmd:voice>
                        </gmd:CI_Telephone>
                     </gmd:phone>
                     <gmd:address>
                        <gmd:CI_Address>
                           <gmd:deliveryPoint>
                              <gco:CharacterString>Segensworth Road, Titchfield</gco:CharacterString>
                           </gmd:deliveryPoint>
                           <gmd:city>
                              <gco:CharacterString>Fareham</gco:CharacterString>
                           </gmd:city>
                           <gmd:administrativeArea>
                              <gco:CharacterString>Hampshire</gco:CharacterString>
                           </gmd:administrativeArea>
                           <gmd:postalCode>
                              <gco:CharacterString>PO15 5RR</gco:CharacterString>
                           </gmd:postalCode>
                           <gmd:country>
                              <gco:CharacterString>United Kingdom</gco:CharacterString>
                           </gmd:country>
                           <gmd:electronicMailAddress>
                              <gco:CharacterString>ons.geography@ons.gsi.gov.uk</gco:CharacterString>
                           </gmd:electronicMailAddress>
                        </gmd:CI_Address>
                     </gmd:address>
                     <gmd:onlineResource>
                        <gmd:CI_OnlineResource>
                           <gmd:linkage>
                              <gmd:URL>http://www.ons.gov.uk/ons/guide-method/geography/contact-ons-geography/index.html</gmd:URL>
                           </gmd:linkage>
                           <gmd:protocol gco:nilReason="missing">
                              <gco:CharacterString/>
                           </gmd:protocol>
                           <gmd:name>
                              <gco:CharacterString>Contact ONS Geography Customer Services</gco:CharacterString>
                           </gmd:name>
                           <gmd:function>
                              <gmd:CI_OnLineFunctionCode codeList="http://standards.iso.org/ittf/PubliclyAvailableStandards/ISO_19139_Schemas/resources/Codelist/gmxCodelists.xml#CI_OnLineFunctionCode"
                                                         codeListValue="information">information</gmd:CI_OnLineFunctionCode>
                           </gmd:function>
                        </gmd:CI_OnlineResource>
                     </gmd:onlineResource>
                  </gmd:CI_Contact>
               </gmd:contactInfo>
               <gmd:role>
                  <gmd:CI_RoleCode codeList="http://standards.iso.org/ittf/PubliclyAvailableStandards/ISO_19139_Schemas/resources/Codelist/gmxCodelists.xml#CI_RoleCode"
                                   codeListValue="pointOfContact">pointOfContact</gmd:CI_RoleCode>
               </gmd:role>
            </gmd:CI_ResponsibleParty>
         </gmd:pointOfContact>
         <gmd:resourceMaintenance>
            <gmd:MD_MaintenanceInformation>
               <gmd:maintenanceAndUpdateFrequency>
                  <gmd:MD_MaintenanceFrequencyCode codeList="http://standards.iso.org/ittf/PubliclyAvailableStandards/ISO_19139_Schemas/resources/Codelist/gmxCodelists.xml#MD_MaintenanceFrequencyCode"
                                                   codeListValue="asNeeded">asNeeded</gmd:MD_MaintenanceFrequencyCode>
               </gmd:maintenanceAndUpdateFrequency>
            </gmd:MD_MaintenanceInformation>
         </gmd:resourceMaintenance>
         <gmd:graphicOverview xmlns:srv="http://www.isotc211.org/2005/srv">
            <gmd:MD_BrowseGraphic>
               <gmd:fileName>
                  <gco:CharacterString>logoforA4Worddoc_s.png</gco:CharacterString>
               </gmd:fileName>
               <gmd:fileDescription>
                  <gco:CharacterString>thumbnail</gco:CharacterString>
               </gmd:fileDescription>
               <gmd:fileType>
                  <gco:CharacterString>png</gco:CharacterString>
               </gmd:fileType>
            </gmd:MD_BrowseGraphic>
         </gmd:graphicOverview>
         <gmd:descriptiveKeywords>
            <gmd:MD_Keywords>
               <gmd:keyword>
                  <gco:CharacterString>Lower Layer Super Output Area, LSOA</gco:CharacterString>
               </gmd:keyword>
               <gmd:keyword>
                  <gco:CharacterString>Lower Layer SOA</gco:CharacterString>
               </gmd:keyword>
               <gmd:keyword>
                  <gco:CharacterString>England and Wales, EW, E+W</gco:CharacterString>
               </gmd:keyword>
               <gmd:keyword>
                  <gco:CharacterString>England, Eng, EN</gco:CharacterString>
               </gmd:keyword>
               <gmd:keyword>
                  <gco:CharacterString>Wales, Wal, WA</gco:CharacterString>
               </gmd:keyword>
               <gmd:thesaurusName>
                  <gmd:CI_Citation>
                     <gmd:title>
                        <gco:CharacterString>ONS</gco:CharacterString>
                     </gmd:title>
                     <gmd:date>
                        <gmd:CI_Date>
                           <gmd:date>
                              <gco:Date>2011-12-31</gco:Date>
                           </gmd:date>
                           <gmd:dateType>
                              <gmd:CI_DateTypeCode codeList="http://standards.iso.org/ittf/PubliclyAvailableStandards/ISO_19139_Schemas/resources/Codelist/gmxCodelists.xml#CI_DateTypeCode"
                                                   codeListValue="publication">publication</gmd:CI_DateTypeCode>
                           </gmd:dateType>
                        </gmd:CI_Date>
                     </gmd:date>
                     <gmd:edition gco:nilReason="missing">
                        <gco:CharacterString/>
                     </gmd:edition>
                  </gmd:CI_Citation>
               </gmd:thesaurusName>
            </gmd:MD_Keywords>
         </gmd:descriptiveKeywords>
         <gmd:descriptiveKeywords>
            <gmd:MD_Keywords>
               <gmd:keyword>
                  <gco:CharacterString>Administrative units</gco:CharacterString>
               </gmd:keyword>
               <gmd:keyword>
                  <gco:CharacterString>Geographical names</gco:CharacterString>
               </gmd:keyword>
               <gmd:type>
                  <gmd:MD_KeywordTypeCode codeList="http://www.isotc211.org/2005/resources/codeList.xml#MD_KeywordTypeCode"
                                          codeListValue="theme"/>
               </gmd:type>
               <gmd:thesaurusName>
                  <gmd:CI_Citation>
                     <gmd:title>
                        <gco:CharacterString>GEMET - INSPIRE themes, version 1.0</gco:CharacterString>
                     </gmd:title>
                     <gmd:date gco:nilReason="unknown"/>
                  </gmd:CI_Citation>
               </gmd:thesaurusName>
            </gmd:MD_Keywords>
         </gmd:descriptiveKeywords>
         <gmd:resourceConstraints>
            <gmd:MD_LegalConstraints>
               <gmd:useLimitation>
                  <gco:CharacterString>Licence</gco:CharacterString>
               </gmd:useLimitation>
               <gmd:useLimitation>
                  <gco:CharacterString>Copyright Statement to be used in conjunction with the 'Open Government Licence'</gco:CharacterString>
               </gmd:useLimitation>
               <gmd:useLimitation>
                  <gco:CharacterString>Contains National Statistics data © Crown copyright and database right [2012]</gco:CharacterString>
               </gmd:useLimitation>
               <gmd:useLimitation>
                  <gco:CharacterString>Copyright Statement to be used in conjunction with the Ordnance Survey 'Open Data Licence'</gco:CharacterString>
               </gmd:useLimitation>
               <gmd:useLimitation>
                  <gco:CharacterString>Contains Ordnance Survey data © Crown copyright and database right [2012]</gco:CharacterString>
               </gmd:useLimitation>
               <gmd:accessConstraints>
                  <gmd:MD_RestrictionCode codeList="http://standards.iso.org/ittf/PubliclyAvailableStandards/ISO_19139_Schemas/resources/Codelist/gmxCodelists.xml#MD_RestrictionCode"
                                          codeListValue="otherRestrictions">otherRestrictions</gmd:MD_RestrictionCode>
               </gmd:accessConstraints>
               <gmd:otherConstraints>
                  <gco:CharacterString>Other Restrictions</gco:CharacterString>
               </gmd:otherConstraints>
            </gmd:MD_LegalConstraints>
         </gmd:resourceConstraints>
         <gmd:resourceConstraints>
            <gmd:MD_Constraints>
               <gmd:useLimitation>
                  <gmx:Anchor xlink:href="http://www.nationalarchives.gov.uk/doc/open-government-licence/">Link to the Open Government Licence</gmx:Anchor>
               </gmd:useLimitation>
            </gmd:MD_Constraints>
         </gmd:resourceConstraints>
         <gmd:resourceConstraints>
            <gmd:MD_Constraints>
               <gmd:useLimitation>
                  <gmx:Anchor xlink:href="http://www.ordnancesurvey.co.uk/oswebsite/docs/licences/os-opendata-licence.pdf">Link to the Ordnance Survey Open Data Licence</gmx:Anchor>
               </gmd:useLimitation>
            </gmd:MD_Constraints>
         </gmd:resourceConstraints>
         <gmd:language>
            <gmd:LanguageCode codeList="http://www.loc.gov/standards/iso639-2/php/code_list.php"
                              codeListValue="eng">eng</gmd:LanguageCode>
         </gmd:language>
         <gmd:topicCategory>
            <gmd:MD_TopicCategoryCode>society</gmd:MD_TopicCategoryCode>
         </gmd:topicCategory>
         <gmd:extent>
            <gmd:EX_Extent>
               <gmd:geographicElement>
                  <gmd:EX_GeographicBoundingBox>
                     <gmd:westBoundLongitude>
                        <gco:Decimal>-8.17167</gco:Decimal>
                     </gmd:westBoundLongitude>
                     <gmd:eastBoundLongitude>
                        <gco:Decimal>1.74944</gco:Decimal>
                     </gmd:eastBoundLongitude>
                     <gmd:southBoundLatitude>
                        <gco:Decimal>49.9553</gco:Decimal>
                     </gmd:southBoundLatitude>
                     <gmd:northBoundLatitude>
                        <gco:Decimal>60.8433</gco:Decimal>
                     </gmd:northBoundLatitude>
                  </gmd:EX_GeographicBoundingBox>
               </gmd:geographicElement>
               <gmd:temporalElement>
                  <gmd:EX_TemporalExtent>
                     <gmd:extent>
                        <gml:TimePeriod gml:id="T1">
                           <gml:beginPosition>2011-12-31</gml:beginPosition>
                           <gml:endPosition/>
                        </gml:TimePeriod>
                     </gmd:extent>
                  </gmd:EX_TemporalExtent>
               </gmd:temporalElement>
               <gmd:verticalElement>
                  <gmd:EX_VerticalExtent>
                     <gmd:minimumValue>
                        <gco:Real>1000</gco:Real>
                     </gmd:minimumValue>
                     <gmd:maximumValue>
                        <gco:Real>14000000</gco:Real>
                     </gmd:maximumValue>
                     <gmd:verticalCRS xlink:href="justinwashere:urn:ogc:def:crs:EPSG::5701"/>
                  </gmd:EX_VerticalExtent>
               </gmd:verticalElement>
            </gmd:EX_Extent>
         </gmd:extent>
      </gmd:MD_DataIdentification>
  </gmd:identificationInfo>
  <gmd:distributionInfo>
      <gmd:MD_Distribution>
         <gmd:distributionFormat>
            <gmd:MD_Format>
               <gmd:name>
                  <gco:CharacterString>shapefile</gco:CharacterString>
               </gmd:name>
               <gmd:version>
                  <gco:CharacterString>v1</gco:CharacterString>
               </gmd:version>
            </gmd:MD_Format>
         </gmd:distributionFormat>
         <gmd:transferOptions>
            <gmd:MD_DigitalTransferOptions>
               <gmd:onLine>
                  <gmd:CI_OnlineResource>
                     <gmd:linkage>
                        <gmd:URL>http://www.ons.gov.uk/ons/guide-method/geography/beginner-s-guide/census/super-output-areas--soas-/index.html</gmd:URL>
                     </gmd:linkage>
                     <gmd:name>
                        <gco:CharacterString>Guide to Super Output Areas</gco:CharacterString>
                     </gmd:name>
                     <gmd:function>
                        <gmd:CI_OnLineFunctionCode codeList="http://standards.iso.org/ittf/PubliclyAvailableStandards/ISO_19139_Schemas/resources/Codelist/gmxCodelists.xml#CI_OnLineFunctionCode"
                                                   codeListValue="information">information</gmd:CI_OnLineFunctionCode>
                     </gmd:function>
                  </gmd:CI_OnlineResource>
               </gmd:onLine>
               <gmd:onLine>
                  <gmd:CI_OnlineResource>
                     <gmd:linkage>
                        <gmd:URL>http://help.arcgis.com/en/arcgisdesktop/10.0/help/index.html#//005p00000019000000</gmd:URL>
                     </gmd:linkage>
                     <gmd:protocol gco:nilReason="missing">
                        <gco:CharacterString/>
                     </gmd:protocol>
                     <gmd:name>
                        <gco:CharacterString>Guide to the Median Center Algorithm</gco:CharacterString>
                     </gmd:name>
                     <gmd:function>
                        <gmd:CI_OnLineFunctionCode codeList="http://standards.iso.org/ittf/PubliclyAvailableStandards/ISO_19139_Schemas/resources/Codelist/gmxCodelists.xml#CI_OnLineFunctionCode"
                                                   codeListValue="information">information</gmd:CI_OnLineFunctionCode>
                     </gmd:function>
                  </gmd:CI_OnlineResource>
               </gmd:onLine>
            </gmd:MD_DigitalTransferOptions>
         </gmd:transferOptions>
      </gmd:MD_Distribution>
  </gmd:distributionInfo>
  <gmd:dataQualityInfo>
      <gmd:DQ_DataQuality>
         <gmd:scope>
            <gmd:DQ_Scope>
               <gmd:level>
                  <gmd:MD_ScopeCode codeList="http://standards.iso.org/ittf/PubliclyAvailableStandards/ISO_19139_Schemas/resources/Codelist/gmxCodelists.xml#MD_ScopeCode"
                                    codeListValue="dataset">dataset</gmd:MD_ScopeCode>
               </gmd:level>
            </gmd:DQ_Scope>
         </gmd:scope>
         <gmd:report>
            <gmd:DQ_DomainConsistency>
               <gmd:result>
                  <gmd:DQ_ConformanceResult>
                     <gmd:specification>
                        <gmd:CI_Citation>
                           <gmd:title>
                              <gco:CharacterString>COMMISSION REGULATION (EU) No 1089/2010 of 23 November 2010 implementing Directive 2007/2/EC of the European Parliament and of the Council as regards interoperability of spatial data sets and services</gco:CharacterString>
                           </gmd:title>
                           <gmd:date>
                              <gmd:CI_Date>
                                 <gmd:date>
                                    <gco:Date>2010-12-08</gco:Date>
                                 </gmd:date>
                                 <gmd:dateType>
                                    <gmd:CI_DateTypeCode codeList="http://standards.iso.org/ittf/PubliclyAvailableStandards/ISO_19139_Schemas/resources/Codelist/gmxCodelists.xml#CI_DateTypeCode"
                                                         codeListValue="publication">publication</gmd:CI_DateTypeCode>
                                 </gmd:dateType>
                              </gmd:CI_Date>
                           </gmd:date>
                        </gmd:CI_Citation>
                     </gmd:specification>
                     <gmd:explanation>
                        <gco:CharacterString>http://eur-lex.europa.eu/LexUriServ/LexUriServ.do?uri=OJ:L:2010:323:0011:0102:EN:PDF</gco:CharacterString>
                     </gmd:explanation>
                     <gmd:pass>
                        <gco:Boolean>true</gco:Boolean>
                     </gmd:pass>
                  </gmd:DQ_ConformanceResult>
               </gmd:result>
            </gmd:DQ_DomainConsistency>
         </gmd:report>
         <gmd:lineage>
            <gmd:LI_Lineage>
               <gmd:statement>
                  <gco:CharacterString>As the population weighted centroids reflect the distribution of the 2011 Census population in the LSOA, they will all be different to those produced for the 2001 LSOAs.</gco:CharacterString>
               </gmd:statement>
            </gmd:LI_Lineage>
         </gmd:lineage>
      </gmd:DQ_DataQuality>
  </gmd:dataQualityInfo>
</gmd:MD_Metadata>