<?xml version="1.0"?>
<!--<!DOCTYPE metadata SYSTEM "http://www.esri.com/metadata/esriprof80.dtd">-->
<metadata xml:lang="en"><Esri><MetaID>{6E072474-165B-4B6D-9F55-530ED5BB52D5}</MetaID><CreaDate>20121002</CreaDate><CreaTime>09180600</CreaTime><SyncOnce>TRUE</SyncOnce><DataProperties><lineage><Process Name="Create Feature Class" ToolSource="C:\Program Files\ArcGIS\ArcToolbox\Toolboxes\Data Management Tools.tbx\CreateFeatureclass" Date="20121002" Time="091806">CreateFeatureclass S:\SOA_Centroids\SourceData\Final_Centroids_Products LSOA_2011_EW_PWC # POPCENT_FINAL_LSOA_NATIONAL_ SAME_AS_TEMPLATE SAME_AS_TEMPLATE "PROJCS['British_National_Grid',GEOGCS['GCS_OSGB_1936',DATUM['D_OSGB_1936',SPHEROID['Airy_1830',6377563.396,299.3249646]],PRIMEM['Greenwich',0.0],UNIT['Degree',0.0174532925199433]],PROJECTION['Transverse_Mercator'],PARAMETER['False_Easting',400000.0],PARAMETER['False_Northing',-100000.0],PARAMETER['Central_Meridian',-2.0],PARAMETER['Scale_Factor',0.999601272],PARAMETER['Latitude_Of_Origin',49.0],UNIT['Meter',1.0]];-10000 -10000 1000;0 1;0 100" # 0 0 0 S:\SOA_Centroids\SourceData\Final_Centroids_Products\LSOA_2011_EW_PWC.shp</Process><Process Name="Append" ToolSource="C:\Program Files\ArcGIS\ArcToolbox\Toolboxes\Data Management Tools.tbx\Append" Date="20121002" Time="091809">Append POPCENT_FINAL_LSOA_NATIONAL_ S:\SOA_Centroids\SourceData\Final_Centroids_Products\LSOA_2011_EW_PWC.shp TEST S:\SOA_Centroids\SourceData\Final_Centroids_Products\LSOA_2011_EW_PWC.shp</Process><Process Name="FeatureClassToFeatureClass_2" ToolSource="C:\Program Files\ArcGIS\ArcToolbox\Toolboxes\Conversion Tools.tbx\FeatureClassToFeatureClass" Date="20121002" Time="091809">FeatureClassToFeatureClass S:\SOA_Centroids\SourceData\PopCentroids_LSOA_National.mdb\Popcent\POPCENT_FINAL_LSOA_NATIONAL S:\SOA_Centroids\SourceData\Final_Centroids_Products LSOA_2011_EW_PWC # "CD CD VISIBLE" SAME_AS_TEMPLATE SAME_AS_TEMPLATE # 0 S:\SOA_Centroids\SourceData\Final_Centroids_Products\LSOA_2011_EW_PWC.shp</Process></lineage></DataProperties></Esri></metadata>
